-0,-0,Location,-0,-0,CLManager,-0,-0,CMManagerDevMotMag,-0,-0,CMManagerMag,-0,-0,Sound,-0
Transaction,MAE,HAV,COR1,MAE,COR,COR1,MAE,COR,COR1,MAE,COR,COR1,MAE,COR,COR1
16-08-01_HomeA1_Leg,-0,0.007484428,-0,670.665469364,-0.0774997103,-0.0774997087,3.7462809632,0.968844991,0.968844991,99.3541612019,-0.5536632087,-0.5536632106,-0,-0.003741797,-0
16-08-01_HomeA10_Leg,-0,0.0159239757,-0,670.863212751,0.0243708807,0.0243708817,7.061271148,0.9907996992,0.9907996992,99.606415137,-0.0985552789,-0.0985552704,-0,0.2821356609,-0
16-08-01_HomeA2_Leg,-0,0.01603006,-0,670.540773286,-0.6083013724,-0.6083013704,7.8995630804,0.9418556775,0.9418556775,99.2244822529,-0.2858819854,-0.2858819741,-0,0.4926999819,-0
16-08-01_HomeA3_Leg,-0,0.0137428694,-0,670.531546756,0.4612956814,0.461295676,7.0034489068,0.9907377185,0.9907377185,99.1811903611,0.4587122142,0.4587122063,-0,0.2735812599,-0
16-08-01_HomeA4_Leg,-0,0.0119399602,-0,670.618109793,-0.1224541088,-0.1224541056,7.6637578389,0.9519443334,0.9519443334,99.3924326713,0.1354139871,0.1354139931,-0,-0.0528929088,-0
16-08-01_HomeA5_Leg,-0,0.0100005864,-0,670.759008471,0.0520364745,0.0520364755,7.2198967118,0.9906953433,0.9906953433,99.7146206344,0.0591250284,0.0591250067,-0,-0.3446730108,-0
16-08-01_HomeA6_Leg,-0,0.0107560013,-0,670.848454828,0.1179638934,0.117963894,7.9501993552,0.9517937994,0.9517937994,99.4829186594,0.0873920353,0.0873920396,-0,-0.0872377919,-0
16-08-01_HomeA7_Leg,-0,0.0126497115,-0,670.741151923,-0.3083712343,-0.3083712342,7.3053135423,0.990740836,0.990740836,99.59002802,0.1623185518,0.1623185605,-0,-0.2876423777,-0
16-08-01_HomeA8_Leg,-0,0.0149715651,-0,670.73780529,-0.0429323348,-0.0429323366,7.3206820577,0.9909260271,0.9909260271,99.5557033383,-0.0336100771,-0.0336100959,-0,-0.1545156912,-0
16-08-01_HomeA9_Leg,-0,0.0168370599,-0,670.762920365,-0.0312471563,-0.0312471555,7.5418171461,0.9537475965,0.9537475965,99.6220474612,0.5636567452,0.5636567339,-0,0.099496343,-0
16-08-01_HomeB1_Leg,-0,0.0974753377,-0,671.312663853,-0.1796532366,-0.1796532357,7.9937214595,0.9526043921,0.9526043921,100.094078554,-0.1496072462,-0.1496072398,-0,-0.0789210108,-0
16-08-01_HomeB10_Leg,-0,0.0222119187,-0,671.166162156,0.2262345489,0.2262345475,7.3379097253,0.9915409541,0.9915409541,100.096495732,0.4068164403,0.4068164395,-0,-0.2312136684,-0
16-08-01_HomeB2_Leg,-0,0.015380865,-0,671.10907803,-0.3089961351,-0.3089961269,7.0592729161,0.9996691133,0.9996691133,99.721452444,-0.3380298749,-0.3380298478,-0,0.0012991914,-0
16-08-01_HomeB3_Leg,-0,0.0206261618,-0,671.226607066,-0.0663972975,-0.0663972976,8.6251122191,0.9342211381,0.9342211381,99.9821289199,-0.0099139726,-0.0099139915,-0,0.3561984981,-0
16-08-01_HomeB4_Leg,-0,0.0241053777,-0,671.183306427,-0.0100828628,-0.0100828646,7.5904072031,0.9906475486,0.9906475486,99.9734687021,-0.3776240777,-0.3776240839,-0,0.4404110331,-0
16-08-01_HomeB5_Leg,-0,0.011503101,-0,671.082776226,0.1455997714,0.1455997698,7.5903206696,0.9903022199,0.9903022199,99.841400672,0.3984037604,0.3984037704,-0,-0.1723646778,-0
16-08-01_HomeB6_Leg,-0,0.0094203461,-0,671.124539853,0.439873177,0.4398731783,7.7435966784,0.9812680041,0.9812680041,99.9591595092,-0.1300449036,-0.1300449056,-0,-0.669518646,-0
16-08-01_HomeB7_Leg,-0,0.0090152219,-0,671.134694955,0.4167814605,0.4167814629,8.6975604244,0.9252927946,0.9252927946,100.144389536,0.081267032,0.0812670282,-0,-0.6941027749,-0
16-08-01_HomeB8_Leg,-0,0.0108104774,-0,671.202181466,0.0423170836,0.0423170828,7.9298235776,0.9540518761,0.9540518761,99.9632891097,-0.1437959585,-0.1437959514,-0,-0.149127969,-0
16-08-01_HomeB9_Leg,-0,0.0157084101,-0,671.10521821,0.4632182506,0.4632182522,8.0495110876,0.9601783335,0.9601783335,99.8516871208,0.0373777983,0.0373778064,-0,0.4865759943,-0
16-08-01_HomeC1_Leg,-0,0.0226994284,-0,671.170009395,0.1951086629,0.1951086683,7.1215798182,0.9998100611,0.9998100611,100.166244517,0.1833469151,0.1833469109,-0,0.0427114101,-0
16-08-01_HomeC10_Leg,-0,0.0249842663,-0,671.250689163,-0.2422830812,-0.2422830816,7.5322313519,0.9908988968,0.9908988968,100.140844352,-0.1007930478,-0.1007930755,-0,-0.6258966376,-0
16-08-01_HomeC2_Leg,-0,0.018923314,-0,671.175446959,0.0550000396,0.0550000393,7.6706932825,0.9903511556,0.9903511556,99.8915224207,0.2074192128,0.2074192034,-0,-0.1525918504,-0
16-08-01_HomeC3_Leg,-0,0.0073808565,-0,671.212613756,0.0008126907,0.0008126917,7.9604344898,0.9687160655,0.9687160655,100.062382004,-0.4022160233,-0.4022160238,-0,0.5574064204,-0
16-08-01_HomeC4_Leg,-0,0.0123510572,-0,671.270207162,-0.1087017491,-0.108701752,7.5687685405,0.9903477197,0.9903477197,100.109455894,0.1239879047,0.1239878899,-0,-0.060806,-0
16-08-01_HomeC5_Leg,-0,0.0099825745,-0,671.150453589,-0.5446609449,-0.5446609299,9.6512089647,0.8330866213,0.8330866213,100.002047431,-0.3903806806,-0.3903806917,-0,-0.0196521153,-0
16-08-01_HomeC6_Leg,-0,0.0161337914,-0,671.157972927,-0.1236300029,-0.1236300051,7.6465096388,0.990619518,0.990619518,100.156910617,-0.1607387028,-0.160738708,-0,-0.1000858099,-0
16-08-01_HomeC7_Leg,-0,0.0234712083,-0,671.265071327,0.2401114907,0.2401114913,7.7350773512,0.9869636677,0.9869636677,100.191040822,-0.0261069995,-0.0261069897,-0,0.0786156864,-0
16-08-01_HomeC8_Leg,-0,0.022972769,-0,671.442763208,0.4317434614,0.4317434619,8.8423420851,0.9193266489,0.9193266489,100.075339641,-0.3372470151,-0.3372470367,-0,-0.1337829322,-0
16-08-01_HomeC9_Leg,-0,0.0247147735,-0,671.403614496,0.0752769239,0.0752769218,8.7571362002,0.9310666048,0.9310666048,100.091047007,-0.0329118242,-0.0329118014,-0,0.2798744741,-0
16-08-01_HomeD1_Leg,-0,0.0238773744,-0,671.264740301,0.0290030138,0.0290030144,8.6074258344,0.9277712823,0.9277712823,100.087744228,-0.1292098397,-0.129209848,-0,0.3129846621,-0
16-08-01_HomeD10_Leg,-0,0.0176124835,-0,671.246350594,-0.3548105269,-0.3548105174,7.7748029213,0.9908829637,0.9908829637,100.271284031,0.47507771,0.4750777057,-0,0.1522415937,-0
16-08-01_HomeD2_Leg,-0,0.0226377378,-0,671.056038911,-0.2504873158,-0.2504873125,8.7662473127,0.9104770317,0.9104770317,100.083439387,-0.0737669577,-0.0737669593,-0,-0.6191988552,-0
16-08-01_HomeD3_Leg,-0,0.0220726251,-0,671.213328476,0.1506745558,0.1506745567,8.3525764868,0.944662807,0.944662807,100.172690724,-0.1641739786,-0.1641739428,-0,0.5356348394,-0
16-08-01_HomeD4_Leg,-0,0.0187644123,-0,671.4189745,0.102173465,0.102173463,7.603269476,0.9904980863,0.9904980863,100.278797292,0.3433057265,0.3433057548,-0,-0.0658564219,-0
16-08-01_HomeD5_Leg,-0,0.008332245,-0,671.41995207,-0.3081370129,-0.3081370086,7.710270517,0.990538595,0.990538595,100.280113002,-0.0798270753,-0.0798270764,-0,-0.2980273976,-0
16-08-01_HomeD6_Leg,-0,0.0199287026,-0,671.337443993,-0.4086653657,-0.4086653701,7.6757068704,0.9909629049,0.9909629049,100.259220344,-0.219478951,-0.2194789598,-0,0.016115022,-0
16-08-01_HomeD7_Leg,-0,0.0363874743,-0,671.118844363,0.3813149382,0.3813149357,7.5805838559,0.9909718438,0.9909718438,100.499551125,-0.6380436298,-0.6380436436,-0,0.686771975,-0
16-08-01_HomeD8_Leg,-0,0.0265437117,-0,671.255914595,0.0688426086,0.0688426078,8.0008424473,0.9521318054,0.9521318054,100.297813035,0.3303245539,0.3303245434,-0,-0.0920958351,-0
16-08-01_HomeD9_Leg,-0,0.0307126043,-0,671.347158584,0.1646106908,0.164610689,8.0957041317,0.9529262862,0.9529262862,100.296933442,0.1888814718,0.1888814605,-0,0.7739480079,-0
16-08-01_HomeE1_Leg,-0,0.1229051365,-0,671.190777905,0.3434071682,0.3434071697,8.3301936521,0.9527822331,0.9527822331,99.9993178281,0.198389248,0.1983892094,-0,-0.2040380815,-0
16-08-01_HomeE10_Leg,-0,0.0210318286,-0,671.343916273,0.0450518885,0.0450518894,8.2305120185,0.961750614,0.961750614,100.27822498,-0.125315845,-0.1253158105,-0,-0.0614527657,-0
16-08-01_HomeE2_Leg,-0,0.2418222877,-0,671.338459455,-0.2495498856,-0.249549883,7.2672793337,0.9979141943,0.9979141943,100.123591154,0.7060582874,0.7060582835,-0,-0.3898191796,-0
16-08-01_HomeE3_Leg,-0,0.0118417301,-0,671.524114822,-0.1152422369,-0.1152422374,7.4360811184,0.9992232988,0.9992232988,100.300835486,0.0602596732,0.0602596919,-0,0.4261154095,-0
16-08-01_HomeE4_Leg,-0,0.0132302313,-0,671.38286539,0.0892736037,0.0892736027,8.0072392555,0.9529453192,0.9529453192,100.372292068,-0.2238268009,-0.2238267694,-0,-0.0043359433,-0
16-08-01_HomeE5_Leg,-0,0.0219042403,-0,671.344394479,-0.4213733515,-0.4213733575,7.4455352576,0.9966161631,0.9966161631,100.165994149,-0.3337144157,-0.3337144112,-0,0.0674661734,-0
16-08-01_HomeE6_Leg,-0,0.0222515648,-0,671.407357553,0.1634919773,0.1634919797,7.6790855359,0.9905311407,0.9905311407,100.255601175,0.0111869523,0.0111869486,-0,0.1253611146,-0
16-08-01_HomeE7_Leg,-0,0.03314389,-0,671.557992641,-0.0876696692,-0.087669669,7.3115514827,0.9995415063,0.9995415063,100.348365442,-0.5302834095,-0.5302834062,-0,-0.6286675905,-0
16-08-01_HomeE8_Leg,-0,0.0417694061,-0,671.262587192,-0.243317801,-0.2433178111,7.6558828696,0.9910854423,0.9910854423,100.142421609,-0.4949139229,-0.4949138728,-0,-0.6736487517,-0
16-08-01_HomeE9_Leg,-0,0.0452266102,-0,671.374893154,-0.2502014702,-0.2502014691,8.1972576513,0.9654026644,0.9654026644,100.115580344,-0.0899338548,-0.0899338594,-0,-0.1794040246,-0
16-08-01_HomeF1_Leg,-0,0.0127143344,-0,671.694859025,0.5815539179,0.5815539111,7.9443809455,0.9907433511,0.9907433511,100.583371078,-0.1496129769,-0.1496129796,-0,0.180159444,-0
16-08-01_HomeF10_Leg,-0,0.0131765798,-0,671.653357675,0.0849869276,0.0849869273,8.4169099896,0.9686062354,0.9686062354,100.743845419,-0.539013776,-0.5390137751,-0,0.7488734299,-0
16-08-01_HomeF2_Leg,-0,0.0222575017,-0,671.85159088,-0.3211549314,-0.3211549361,9.2504323489,0.9074600313,0.9074600313,100.380127406,-0.2503267359,-0.2503267338,-0,0.8107195569,-0
16-08-01_HomeF3_Leg,-0,0.0283868904,-0,671.66116143,-0.0843896482,-0.0843896495,7.9413118155,0.990560972,0.990560972,100.374814295,-0.1153475531,-0.1153475386,-0,0.4941695903,-0
16-08-01_HomeF4_Leg,-0,0.0258874539,-0,671.479548162,0.5762031958,0.5762031851,8.2319746345,0.9720398029,0.9720398029,100.409986621,0.1500419854,0.1500420062,-0,0.199778813,-0
16-08-01_HomeF5_Leg,-0,0.0155412249,-0,671.456317608,-0.2991766201,-0.2991766243,7.7050423432,0.995314241,0.995314241,100.372728143,0.0686790464,0.0686790588,-0,0.0154177408,-0
16-08-01_HomeF6_Leg,-0,0.0199977844,-0,671.578374828,0.0214345376,0.0214345376,7.9933853015,0.9907905224,0.9907905224,100.323117652,0.4515964106,0.4515964084,-0,0.107273159,-0
16-08-01_HomeF7_Leg,-0,0.0253847048,-0,671.574738925,-0.1804302942,-0.1804302995,8.282180435,0.9528593407,0.9528593407,100.502098128,0.407815254,0.4078152621,-0,0.5051531761,-0
16-08-01_HomeF8_Leg,-0,0.0333614865,-0,671.625925294,-0.1538836237,-0.1538836273,7.6860283962,0.9909819231,0.9909819231,100.520040648,-0.3726403647,-0.3726403615,-0,0.0425966997,-0
16-08-01_HomeF9_Leg,-0,0.0189529632,-0,671.64826627,-0.1197532173,-0.119753215,7.6646365122,0.9933946512,0.9933946512,100.476613356,0.5350408605,0.5350408674,-0,-0.487165978,-0
16-08-01_HomeG1_Leg,-0,0.00843408,-0,671.467575679,-0.0838292225,-0.0838292188,8.0226329145,0.9916655334,0.9916655334,100.492212825,0.3798871517,0.3798871526,-0,-0.2639787558,-0
16-08-01_HomeG10_Leg,-0,0.0237933051,-0,671.611310654,0.0741201534,0.0741201527,8.3163501008,0.9532362382,0.9532362382,100.480702569,0.0200248786,0.0200248808,-0,0.6046612199,-0
16-08-01_HomeG2_Leg,-0,0.0143561025,-0,671.655291085,0.2718017213,0.2718017205,8.7144907314,0.939308178,0.939308178,100.533199216,0.1271050439,0.1271050433,-0,0.7851314046,-0
16-08-01_HomeG3_Leg,-0,0.0147805444,-0,671.725058871,0.1131425994,0.1131426001,8.073901535,0.9911142765,0.9911142765,100.270127409,-0.1072330136,-0.1072330218,-0,0.0680034714,-0
16-08-01_HomeG4_Leg,-0,0.0093622146,-0,671.492578278,-0.1610935114,-0.1610935104,9.1006399839,0.9206762059,0.9206762059,100.493183346,-0.3146230827,-0.3146230223,-0,0.0237313394,-0
16-08-01_HomeG5_Leg,-0,0.0099548776,-0,671.580495435,-0.1534291297,-0.1534291301,8.4911849127,0.9681974617,0.9681974617,100.470806303,0.6191564132,0.6191563869,-0,-0.5358849791,-0
16-08-01_HomeG6_Leg,-0,0.011892227,-0,671.566749933,0.1638849848,0.1638849845,9.1042791437,0.9111115358,0.9111115358,100.463055238,-0.1880328672,-0.1880328594,-0,-0.2762091853,-0
16-08-01_HomeG7_Leg,-0,0.019017168,-0,671.562627753,0.1057038176,0.1057038174,8.3159606218,0.9539556249,0.9539556249,100.301384393,0.1719103338,0.1719103414,-0,-0.2129486162,-0
16-08-01_HomeG8_Leg,-0,0.0269330058,-0,671.580965531,0.2505090842,0.2505090806,7.3793221643,0.999889228,0.999889228,100.437185544,0.1133171474,0.1133171367,-0,-0.013813933,-0
16-08-01_HomeG9_Leg,-0,0.0291459535,-0,671.688025445,-0.0699097507,-0.0699097497,8.0338774228,0.9872000548,0.9872000548,100.61192352,0.1299033144,0.1299033126,-0,0.7231888521,-0
16-08-01_HomeH1_Leg,-0,0.027339121,-0,671.407233805,0.0241639819,0.0241639815,9.2058785926,0.914306669,0.914306669,100.573630175,0.0047364124,0.0047364007,-0,0.0838346706,-0
16-08-01_HomeH10_Leg,-0,0.010215765,-0,671.58674326,-0.3323309434,-0.3323309396,8.0560635921,0.9903100818,0.9903100818,100.545183959,0.1249600112,0.1249600071,-0,0.167655958,-0
16-08-01_HomeH2_Leg,-0,0.0257472758,-0,671.655077975,-0.0278329167,-0.0278329178,8.3635509713,0.953192138,0.953192138,100.707260337,0.5785175206,0.5785175241,-0,-0.0247122551,-0
16-08-01_HomeH3_Leg,-0,0.0211269849,-0,671.624824885,0.0602839803,0.0602839798,8.0466217923,0.991080122,0.991080122,100.800956212,0.1446709634,0.14467096,-0,-0.0281929838,-0
16-08-01_HomeH4_Leg,-0,0.0236631107,-0,671.813899165,-0.1955141409,-0.1955141418,7.7298681782,0.9993668303,0.9993668303,100.599064148,0.3835130655,0.3835130792,-0,0.1762715811,-0
16-08-01_HomeH5_Leg,-0,0.0218814616,-0,671.759328075,0.3874152842,0.387415284,7.6483222232,0.9994269957,0.9994269957,100.582342775,-0.2526836623,-0.2526836565,-0,0.123377383,-0
16-08-01_HomeH6_Leg,-0,0.0223678727,-0,671.495253927,-0.0598230396,-0.0598230404,7.6618042416,0.9969764121,0.9969764121,100.435285049,-0.6124618886,-0.6124618941,-0,0.5737491089,-0
16-08-01_HomeH7_Leg,-0,0.0083639317,-0,671.636431202,-0.2001766531,-0.2001766501,7.9414751267,0.9916886501,0.9916886501,100.565817181,0.1857282357,0.1857282416,-0,-0.0084036343,-0
16-08-01_HomeH8_Leg,-0,0.0077132372,-0,671.771783362,0.2143132919,0.2143132929,7.900186827,0.9903196705,0.9903196705,100.594428044,-0.1985113679,-0.1985113513,-0,0.5422577378,-0
16-08-01_HomeH9_Leg,-0,0.0088414706,-0,671.577528117,-0.0451836995,-0.0451836996,7.9764695911,0.9902381669,0.9902381669,100.597938758,-0.0464932874,-0.0464932621,-0,-0.0338945773,-0
16-08-01_HomeI1_Leg,-0,0.094094571,-0,671.675067642,-0.0484280272,-0.0484280268,8.6112520042,0.9695041506,0.9695041506,100.751750259,0.0215501236,0.021550124,-0,0.0534796824,-0
16-08-01_HomeI10_Leg,-0,0.0549742404,-0,671.943077388,0.2414348251,0.2414348239,8.6519712603,0.9667027631,0.9667027631,100.717240324,-0.5882573256,-0.5882573464,-0,0.4472176617,-0
16-08-01_HomeI2_Leg,-0,0.0166980951,-0,671.839726022,0.1175180965,0.1175180958,8.297192838,0.9905724644,0.9905724644,100.774674081,-0.1031431364,-0.1031431548,-0,-0.2629166309,-0
16-08-01_HomeI3_Leg,-0,0.0156332958,-0,671.796006678,0.1991442563,0.1991442534,8.0562230013,0.9945904504,0.9945904504,100.79058076,0.0918526597,0.0918526573,-0,-0.5551937453,-0
16-08-01_HomeI4_Leg,-0,0.0158709415,-0,671.799389739,-0.2279156121,-0.2279156155,8.3884910311,0.9530532593,0.9530532593,100.885131431,0.1380467059,0.138046708,-0,-0.2506427015,-0
16-08-01_HomeI5_Leg,-0,0.0102278152,-0,671.964046217,0.1575358757,0.1575358753,9.2196786325,0.928198443,0.928198443,100.895131848,-0.026481637,-0.0264815787,-0,0.398088077,-0
16-08-01_HomeI6_Leg,-0,0.0149110116,-0,671.86441044,0.1801775028,0.180177502,8.7842838956,0.9557929303,0.9557929303,100.818221313,-0.034612116,-0.0346121259,-0,-0.0954484422,-0
16-08-01_HomeI7_Leg,-0,0.0359530281,-0,671.816203601,-0.0081407516,-0.0081407529,8.1794489918,0.9905677251,0.9905677251,100.801213424,-0.0440829626,-0.0440829586,-0,0.0101589823,-0
16-08-01_HomeI8_Leg,-0,0.042664957,-0,671.763811688,-0.030099407,-0.0300994077,9.2245701899,0.9298007784,0.9298007784,100.797430528,-0.4087805234,-0.4087805251,-0,0.2696827257,-0
16-08-01_HomeI9_Leg,-0,0.0483479943,-0,671.776565167,0.1030151758,0.1030151754,9.2052584725,0.9359035278,0.9359035278,100.846903677,0.1677449781,0.1677449711,-0,-0.1102089257,-0
16-08-01_HomeJ1_Leg,-0,0.1459156636,-0,671.778100674,0.207872159,0.20787216,8.1411816055,0.9810632436,0.9810632436,100.733594121,-0.3384218939,-0.338421894,-0,-0.1548729638,-0
16-08-01_HomeJ10_Leg,-0,0.017293624,-0,671.754189251,-0.0328307265,-0.0328307276,9.1363628219,0.932235672,0.932235672,100.781989582,0.3376671716,0.3376671728,-0,0.169956009,-0
16-08-01_HomeJ2_Leg,-0,0.2381583514,-0,671.75448627,0.1150065081,0.1150065084,8.4909635888,0.9693286695,0.9693286695,100.709975973,0.2310299177,0.2310299086,-0,-0.169079551,-0
16-08-01_HomeJ3_Leg,-0,0.0265341451,-0,671.647318669,0.2710093595,0.2710093598,9.0559879679,0.9313821391,0.9313821391,100.673671267,0.309459055,0.3094590437,-0,0.120676998,-0
16-08-01_HomeJ4_Leg,-0,0.0237370016,-0,671.754693656,-0.0516333637,-0.0516333643,8.5507415274,0.9523796741,0.9523796741,100.749898954,0.079988955,0.0799889427,-0,-0.1352685176,-0
16-08-01_HomeJ5_Leg,-0,0.0126837319,-0,671.913174658,-0.1262982125,-0.1262982124,9.1021600478,0.9207904082,0.9207904082,100.858953433,0.5814665388,0.5814665356,-0,0.2541818455,-0
16-08-01_HomeJ6_Leg,-0,0.0130858518,-0,671.854125716,-0.0121930826,-0.012193084,8.552879223,0.9529081605,0.9529081605,100.818099475,-0.0256067889,-0.0256067942,-0,-0.6140947058,-0
16-08-01_HomeJ7_Leg,-0,0.0120061834,-0,671.88779107,0.2358454873,0.2358454869,8.2566854028,0.9910698883,0.9910698883,100.592972782,-0.0423600372,-0.042360025,-0,0.1080228106,-0
16-08-01_HomeJ8_Leg,-0,0.0168143803,-0,671.826773146,0.0414829074,0.0414829081,8.1747072942,0.990735121,0.990735121,100.780402457,-0.042287301,-0.0422872851,-0,-0.4240760295,-0
16-08-01_HomeJ9_Leg,-0,0.0175078493,-0,671.837334104,0.6393047456,0.6393047392,8.5279238444,0.9527730659,0.9527730659,100.783573942,-0.1490421578,-0.1490421647,-0,0.2513487988,-0
16-08-01_ParentA1_Leg,-0,0.0059487327,-0,645.799340791,-0.5363,-0.5363000045,32.8774912357,0.9081713795,0.9081713795,81.3925790781,0.1073485389,0.1073485617,-0,0.0002491777,-0
16-08-01_ParentA10_Leg,-0,0.0093140502,-0,645.083529184,-0.3001086984,-0.3001086979,31.9740793084,0.9519355876,0.9519355876,80.6916633382,-0.4904427367,-0.4904427741,-0,0.1266026925,-0
16-08-01_ParentA2_Leg,-0,0.0148436648,-0,645.591402505,0.4614381671,0.4614381649,32.8187989715,0.935464489,0.935464489,81.1845087877,-0.1610751891,-0.1610752023,-0,0.1483562981,-0
16-08-01_ParentA3_Leg,-0,0.007842936,-0,645.65616365,-0.3192001059,-0.3192001038,32.3926238955,0.9906193807,0.9906193807,81.0835056534,0.6774620352,0.6774620293,-0,-0.0516675347,-0
16-08-01_ParentA4_Leg,-0,0.0053121156,-0,645.587951394,0.1691275358,0.1691275371,32.8104537695,0.9341359734,0.9341359734,81.0220950852,-0.1604445407,-0.1604445595,-0,0.0429470285,-0
16-08-01_ParentA5_Leg,-0,0.017271405,-0,645.447439207,-0.3354013553,-0.3354013535,32.2460652576,0.9533135068,0.9533135068,80.9391575857,0.0981583007,0.0981582981,-0,0.1386433685,-0
16-08-01_ParentA6_Leg,-0,0.0300518793,-0,645.180055919,-0.1785062369,-0.178506235,32.2525413081,0.9523225691,0.9523225691,80.958699202,-0.0790110225,-0.0790110203,-0,-0.1616588035,-0
16-08-01_ParentA7_Leg,-0,0.0328928825,-0,645.363189231,0.5987256991,0.5987256994,32.3116582397,0.9515730365,0.9515730365,80.7091488057,-0.6891035532,-0.689103543,-0,-0.0055886338,-0
16-08-01_ParentA8_Leg,-0,0.0089101551,-0,645.162956252,-0.2682089884,-0.2682089888,32.1630821069,0.9525640084,0.9525640084,80.7171789845,-0.5211661234,-0.5211661387,-0,-0.0450182284,-0
16-08-01_ParentA9_Leg,-0,0.0086742599,-0,645.199692621,0.1596657837,0.1596657829,32.2317828928,0.9899481992,0.9899481992,80.7657535054,-0.2773007302,-0.2773007236,-0,0.0843242994,-0
16-08-01_ParentB1_Leg,-0,0.0063848529,-0,644.617592018,-0.1017764255,-0.1017764251,32.2700809805,0.917654906,0.917654906,79.907634936,0.2862356146,0.2862356137,-0,0.2564836009,-0
16-08-01_ParentB10_Leg,-0,0.0188044012,-0,644.511297075,-0.0553049835,-0.0553049841,31.6370102951,0.985155092,0.985155092,79.9181630854,-0.1370527472,-0.1370527352,-0,-0.0268602404,-0
16-08-01_ParentB2_Leg,-0,0.0052834,-0,644.399363986,-0.2054011964,-0.2054011966,31.3591878939,0.9930964991,0.9930964991,79.7066093819,0.0768820486,0.0768820474,-0,0.0125868181,-0
16-08-01_ParentB3_Leg,-0,0.0130191034,-0,644.558563226,0.1265721456,0.1265721458,31.4879531935,0.9999396288,0.9999396288,79.940754209,-0.0563279923,-0.0563279773,-0,-0.0036185025,-0
16-08-01_ParentB4_Leg,-0,0.0120393352,-0,644.26652845,-0.1820233997,-0.1820233999,31.582152562,0.9529788884,0.9529788884,79.8740324499,0.019929016,0.019929011,-0,-0.1325862512,-0
16-08-01_ParentB5_Leg,-0,0.013921537,-0,644.378311075,0.1576692829,0.1576692827,31.4670841607,0.9556120079,0.9556120079,79.9013348478,-0.253275689,-0.2532756939,-0,0.4085782124,-0
16-08-01_ParentB6_Leg,-0,0.0196319496,-0,644.543424563,-0.3692291863,-0.369229178,31.4521293615,0.9993804336,0.9993804336,79.9757722993,-0.1377596828,-0.1377596825,-0,-0.1097524864,-0
16-08-01_ParentB7_Leg,-0,0.0218888767,-0,644.492420006,0.3874862012,0.3874862013,31.5793370769,0.9519627054,0.9519627054,79.7912179781,0.3846283976,0.3846283938,-0,-0.1034708057,-0
16-08-01_ParentB8_Leg,-0,0.0222772173,-0,644.343212628,-0.1111828703,-0.1111828682,31.2995898642,0.9892273052,0.9892273052,79.7041268956,-0.1181460013,-0.1181460124,-0,0.0246443304,-0
16-08-01_ParentB9_Leg,-0,0.0247301681,-0,644.226428308,-0.1958909649,-0.1958909662,32.3313421722,0.9211748086,0.9211748086,79.7616761029,-0.0167904271,-0.016790419,-0,-0.0904290577,-0
16-08-01_ParentC1_Leg,-0,0.5605273943,-0,644.471522727,-0.0295332562,-0.0295332573,32.2277917915,0.9625183401,0.9625183401,79.8589989834,-0.260589233,-0.260589231,-0,-0.0848331086,-0
16-08-01_ParentC10_Leg,-0,0.0062502284,-0,644.478489712,-0.2134139115,-0.2134139119,32.2253519149,0.9634224305,0.9634224305,79.9644930633,-0.487653811,-0.4876538547,-0,0.1815750204,-0
16-08-01_ParentC2_Leg,-0,1.1325388131,-0,644.401484741,0.1901389618,0.1901389625,32.213206239,0.9908696767,0.9908696767,79.9371229855,0.4072916208,0.4072916238,-0,-0.0671984099,-0
16-08-01_ParentC3_Leg,-0,0.9961488487,-0,644.45047033,0.2532431005,0.2532430992,32.1337675374,0.990769574,0.990769574,79.9514036945,-0.1790899319,-0.1790899366,-0,-0.1293179077,-0
16-08-01_ParentC4_Leg,-0,0.0179648454,-0,644.497123805,-0.0003848575,-0.0003848559,31.9558278227,0.9910207122,0.9910207122,79.8123766474,0.024684622,0.024684636,-0,-0.1279524836,-0
16-08-01_ParentC5_Leg,-0,0.017412946,-0,644.569719961,0.4176253804,0.4176253806,32.0783436215,0.9906972522,0.9906972522,79.8656830594,0.3480673039,0.3480673263,-0,-0.2727303298,-0
16-08-01_ParentC6_Leg,-0,0.0103990732,-0,644.681674193,-0.2900896059,-0.2900896058,32.329933676,0.9906431354,0.9906431354,80.0004911876,-0.3944254443,-0.3944254715,-0,0.2625334698,-0
16-08-01_ParentC7_Leg,-0,0.0036281093,-0,644.592480061,0.2232943667,0.2232943655,32.1949048206,0.9907692027,0.9907692027,79.9683891819,0.2718124834,0.2718124803,-0,0.0316073962,-0
16-08-01_ParentC8_Leg,-0,0.0179556205,-0,644.526485391,0.2041586729,0.2041586732,32.0023433814,0.9789638282,0.9789638282,79.9441840931,-0.0124349604,-0.0124349634,-0,0.0396061071,-0
16-08-01_ParentC9_Leg,-0,0.0089204762,-0,644.619876138,0.4198120205,0.4198120213,32.730843838,0.9154928429,0.9154928429,79.9573551524,-0.2765396774,-0.2765396691,-0,0.0042692644,-0
16-08-01_ParentD1_Leg,-0,0.0646138312,-0,644.519098973,0.6539709206,0.6539709218,30.4840103987,0.9457661221,0.9457661221,79.4188734455,0.1877945471,0.1877945521,-0,-0.0074802934,-0
16-08-01_ParentD10_Leg,-0,0.0263261457,-0,643.734225871,-0.2588547349,-0.2588547341,31.3436248022,0.9906507609,0.9906507609,79.3380711786,0.6043216632,0.6043216554,-0,-0.1980755111,-0
16-08-01_ParentD2_Leg,-0,0.115901715,-0,643.613015892,-0.1826630095,-0.1826630088,31.2744676678,0.990609533,0.990609533,79.4065425261,-0.2294543791,-0.2294544155,-0,-0.1699180219,-0
16-08-01_ParentD3_Leg,-0,0.0211987789,-0,643.907353288,-0.0872251473,-0.0872251459,31.3480376873,0.9914622,0.9914622,79.3817568205,0.2968424705,0.2968424827,-0,-0.0712946656,-0
16-08-01_ParentD4_Leg,-0,0.0192518521,-0,643.865490299,0.2444417549,0.2444417552,31.3511854922,0.9537865833,0.9537865833,79.3957949294,-0.1457741777,-0.1457741712,-0,0.0456185041,-0
16-08-01_ParentD5_Leg,-0,0.0170885918,-0,643.916808791,0.645978919,0.6459789226,31.5058758391,0.9516384968,0.9516384968,79.4682307167,0.0880296155,0.0880296223,-0,0.2187240483,-0
16-08-01_ParentD6_Leg,-0,0.0162642301,-0,643.649187196,0.2034078638,0.2034078637,31.1412611555,0.9532716069,0.9532716069,79.2685475953,-0.1352725378,-0.1352725299,-0,0.1206605156,-0
16-08-01_ParentD7_Leg,-0,0.0160460221,-0,643.58734891,0.1192012755,0.1192012725,31.4276283968,0.9399958175,0.9399958175,79.0744505632,-0.0755718938,-0.0755718997,-0,-0.0590191614,-0
16-08-01_ParentD8_Leg,-0,0.019805604,-0,643.710300524,-0.0210203001,-0.0210203006,31.2007603208,0.9904930304,0.9904930304,79.2623597489,0.3088436563,0.3088436754,-0,0.18108237,-0
16-08-01_ParentD9_Leg,-0,0.0244134419,-0,643.626786608,-0.0401002274,-0.0401002276,31.3560850579,0.9416135744,0.9416135744,79.1237554728,0.5886716382,0.5886716397,-0,0.0071140013,-0
16-08-01_ParentE1_Leg,-0,0.4466155423,-0,643.852794635,0.2698952366,0.2698952366,31.9537978572,0.9307226187,0.9307226187,79.4354270046,0.4979020343,0.4979020315,-0,0.2812944269,-0
16-08-01_ParentE10_Leg,-0,0.0157644892,-0,643.725101923,-0.1427740637,-0.1427740653,31.0039521505,0.9846661125,0.9846661125,79.439109588,0.0727884924,0.0727884874,-0,0.2160760552,-0
16-08-01_ParentE2_Leg,-0,0.0144004508,-0,643.947955098,-0.2428984755,-0.2428984749,31.1585399953,0.9810137838,0.9810137838,79.2765942235,0.3085668748,0.3085668799,-0,0.0216399066,-0
16-08-01_ParentE3_Leg,-0,0.0124127073,-0,644.044574603,-0.5059363987,-0.5059363995,31.5541522886,0.9910119919,0.9910119919,79.3185735197,0.1526945061,0.152694505,-0,-0.0657673619,-0
16-08-01_ParentE4_Leg,-0,0.0111515527,-0,643.843485807,0.1439274516,0.1439274526,31.7771773792,0.9432505707,0.9432505707,79.5153760199,-0.2064142318,-0.2064142305,-0,-0.16031831,-0
16-08-01_ParentE5_Leg,-0,0.0129566463,-0,643.816807074,0.2051108832,0.2051108835,31.5080425585,0.9908579968,0.9908579968,79.4486583723,-0.0279371587,-0.0279371829,-0,0.0266356499,-0
16-08-01_ParentE6_Leg,-0,0.0141222314,-0,643.918497891,0.3093523523,0.3093523484,31.3348542783,0.9521281771,0.9521281771,79.2907854834,0.1355338685,0.1355338631,-0,-0.0063139857,-0
16-08-01_ParentE7_Leg,-0,0.0149232824,-0,643.679809899,0.0362952645,0.0362952646,31.1883839768,0.9836797701,0.9836797701,79.2316409349,-0.3161337881,-0.3161337923,-0,0.0450901751,-0
16-08-01_ParentE8_Leg,-0,0.0147618694,-0,643.823348863,0.3783069524,0.3783069582,31.3122735981,0.9829829056,0.9829829056,79.4881099283,0.1266979157,0.1266979194,-0,-0.5902905372,-0
16-08-01_ParentE9_Leg,-0,0.0152839998,-0,643.765870102,-0.3913240347,-0.3913240328,31.5871773684,0.9552311844,0.9552311844,79.4853808016,0.2342035366,0.2342035471,-0,0.1354808379,-0
16-08-01_ParentF1_Leg,-0,0.0174292762,-0,636.277876637,0.2050201962,0.2050201976,6.8558954434,0.9808339495,0.9808339495,72.0035928759,-0.3645662402,-0.3645662452,-0,-0.016985756,-0
16-08-01_ParentF10_Leg,-0,0.0063542287,-0,635.906556118,0.0735523224,0.0735523231,7.2576435108,0.998337801,0.998337801,71.8627207609,-0.3883156704,-0.3883156776,-0,-0.2432818551,-0
16-08-01_ParentF2_Leg,-0,0.0462021754,-0,636.130572413,0.0861777129,0.086177713,7.2326874163,0.9981117536,0.9981117536,71.9213554192,0.2301390498,0.2301390369,-0,0.0220594403,-0
16-08-01_ParentF3_Leg,-0,0.0060762685,-0,636.173556881,0.1926668881,0.1926668875,7.1648553006,0.9901582172,0.9901582172,72.0321593077,0.1729215593,0.172921555,-0,0.0632524524,-0
16-08-01_ParentF4_Leg,-0,0.0114530209,-0,636.059679739,-0.0102524822,-0.0102524821,7.5747982664,0.9777775545,0.9777775545,71.8929930789,0.3135331216,0.3135331298,-0,-0.0501942567,-0
16-08-01_ParentF5_Leg,-0,0.0159608587,-0,636.202098343,0.0514613338,0.0514613335,7.1544936205,0.989946604,0.989946604,72.1228713447,0.2497609915,0.249760992,-0,-0.0012363124,-0
16-08-01_ParentF6_Leg,-0,0.0215059605,-0,636.235780575,-0.1547933317,-0.1547933325,7.1943431109,0.9970799324,0.9970799324,71.8849073996,0.1243027525,0.1243027706,-0,-0.0687440536,-0
16-08-01_ParentF7_Leg,-0,0.0075587967,-0,636.096077693,-0.2226198362,-0.222619834,7.7510520645,0.9522639185,0.9522639185,71.9400029053,0.3226775365,0.3226775204,-0,0.6414577348,-0
16-08-01_ParentF8_Leg,-0,0.0159831595,-0,636.21036193,0.4312170465,0.431217049,7.5988673066,0.97713146,0.97713146,71.8745497023,-0.3506604154,-0.3506604565,-0,-0.409383658,-0
16-08-01_ParentF9_Leg,-0,0.027176114,-0,636.221380054,-0.3347004885,-0.3347004883,7.3426213591,0.9954507702,0.9954507702,71.8791898035,-0.483241436,-0.483241433,-0,-0.0601389521,-0
16-08-01_ParentG1_Leg,-0,0.0018155681,-0,637.120189635,-0.3159223191,-0.3159223175,8.4131919717,0.9545822281,0.9545822281,73.6895868191,0.1947853183,0.1947852997,-0,-0.056599116,-0
16-08-01_ParentG10_Leg,-0,0.0327553931,-0,637.192170063,0.0704605049,0.0704605053,8.2624998045,0.9530211531,0.9530211531,73.918273058,-0.1158835991,-0.1158836035,-0,-0.0583616677,-0
16-08-01_ParentG2_Leg,-0,0.0034097637,-0,637.260181644,-0.4292694696,-0.4292694576,8.240402053,0.9716703938,0.9716703938,74.0080125783,0.2611225,0.2611224918,-0,0.037586828,-0
16-08-01_ParentG3_Leg,-0,0.0098385705,-0,637.216617123,0.3956927008,0.3956927067,7.9015642982,0.991106227,0.991106227,73.7374800301,0.5253974948,0.5253974859,-0,-0.0015796701,-0
16-08-01_ParentG4_Leg,-0,0.0054961924,-0,637.112852002,-0.4659999684,-0.4659999708,8.3635758073,0.9759614342,0.9759614342,73.6786054815,-0.06890975,-0.0689097737,-0,0.0161662669,-0
16-08-01_ParentG5_Leg,-0,0.0124910088,-0,637.21585105,0.2551894906,0.2551894925,8.1045998749,0.9777253148,0.9777253148,73.694455569,0.1932420647,0.1932420508,-0,0.0850052714,-0
16-08-01_ParentG6_Leg,-0,0.018562843,-0,637.234555288,-0.2033635328,-0.2033635322,7.9917644965,0.9902236653,0.9902236653,73.8434666349,-0.1722094611,-0.1722094559,-0,0.1100049675,-0
16-08-01_ParentG7_Leg,-0,0.0171851281,-0,637.291022152,-0.1271992989,-0.1271993042,7.5336284457,0.9903340981,0.9903340981,73.615136605,-0.4224322252,-0.4224322356,-0,-0.0933225913,-0
16-08-01_ParentG8_Leg,-0,0.008644847,-0,637.058171916,-0.3100841939,-0.3100841959,7.9283996997,0.9908230728,0.9908230728,73.7129251773,-0.0993452337,-0.0993452327,-0,0.0378842537,-0
16-08-01_ParentG9_Leg,-0,0.0174290958,-0,637.216846509,-0.334700913,-0.3347009107,8.5662357499,-0.1141729711,-0.1141729711,73.9359331194,-0.2726028466,-0.2726028217,-0,0.0210663649,-0
16-08-01_ParentH1_Leg,-0,0.0167788534,-0,637.786835339,-0.4736541884,-0.4736541936,8.5100865952,0.9399539258,0.9399539258,73.8098769262,-0.4384695953,-0.4384696344,-0,0.1952370947,-0
16-08-01_ParentH10_Leg,-0,0.0125302962,-0,628.27286248,0.3247094851,0.3247094826,17.9237424925,0.9912042981,0.9912042981,66.9374299066,-0.5306592203,-0.5306592308,-0,0.4486394787,-0
16-08-01_ParentH2_Leg,-0,0.022938974,-0,637.641638772,-0.4579504272,-0.4579504301,8.0040576737,0.9512228869,0.9512228869,73.8109514266,0.1512395729,0.1512395828,-0,0.1130455611,-0
16-08-01_ParentH3_Leg,-0,0.0138150339,-0,637.670348511,-0.0825474051,-0.0825474053,7.5983904751,0.9906569356,0.9906569356,73.9888952807,-0.1916585811,-0.1916585602,-0,0.0931925415,-0
16-08-01_ParentH4_Leg,-0,0.0076628916,-0,637.803442374,-0.0472370559,-0.0472370553,7.5431047267,0.9905507229,0.9905507229,74.0035410277,-0.1017400358,-0.1017400375,-0,-0.150145617,-0
16-08-01_ParentH5_Leg,-0,0.0054197481,-0,637.486577099,-0.0725624476,-0.0725624483,8.5924151535,0.9358966391,0.9358966391,73.819382603,0.37257985,0.3725798643,-0,0.0944396853,-0
16-08-01_ParentH6_Leg,-0,0.0179710068,-0,638.004282795,-0.3434183715,-0.3434183736,8.7537031283,0.9341121063,0.9341121063,73.972812467,-0.1216918015,-0.121691798,-0,0.1039068059,-0
16-08-01_ParentH7_Leg,-0,0.0096938464,-0,635.125135995,-0.0832012384,-0.0832012383,11.0483459107,0.9530626661,0.9530626661,73.9256546748,0.0862343507,0.0862343491,-0,0.0490107069,-0
16-08-01_ParentH8_Leg,-0,0.0106911932,-0,635.426554389,0.0312000883,0.0312000881,7.9329557972,0.9811064714,0.9811064714,72.3006194773,0.3036479258,0.3036479377,-0,-0.1441639611,-0
16-08-01_ParentH9_Leg,-0,0.0095767464,-0,628.155126319,-0.218103654,-0.2181036553,17.8301859011,0.9910644903,0.9910644903,66.7732261464,0.0812026381,0.0812026353,-0,0.0107649363,-0
16-08-01_ParentJ1_Leg,-0,0.0024041643,-0,632.270050061,0.1644256728,0.1644256719,12.4835345889,0.9908422736,0.9908422736,72.4409782418,0.3018253472,0.3018253669,-0,0.2946207576,-0
16-08-01_ParentJ10_Leg,-0,0.0091299488,-0,644.450304883,-0.1284699751,-0.1284699753,1.5876492699,0.9517135299,0.9517135299,85.3228696575,0.2538900449,0.2538900397,-0,-0.113844693,-0
16-08-01_ParentJ2_Leg,-0,0.0040614179,-0,632.367860126,0.5379601603,0.5379601604,13.4103258292,0.9513065582,0.9513065582,71.9054951251,-0.0230830027,-0.0230830118,-0,0.0204768715,-0
16-08-01_ParentJ3_Leg,-0,0.0080343099,-0,631.406878914,-0.0734604968,-0.0734604962,11.9239508884,0.9507246559,0.9507246559,71.7827140178,0.0537870746,0.0537870705,-0,0.1314282727,-0
16-08-01_ParentJ4_Leg,-0,0.0179562003,-0,629.204481166,-0.0617755593,-0.0617755586,9.5337293231,0.9916392208,0.9916392208,72.0445028513,0.1179744154,0.1179744086,-0,-0.090614183,-0
16-08-01_ParentJ5_Leg,-0,0.0082190263,-0,631.660168072,0.1633975283,0.1633975304,10.6051204497,0.9985975868,0.9985975868,74.3302901487,-0.3979256552,-0.3979256759,-0,0.4750754663,-0
16-08-01_ParentJ6_Leg,-0,0.0067578579,-0,638.536325142,0.874095328,0.8740953282,6.4770188125,0.9901166215,0.9901166215,82.1951745754,0.1815625828,0.1815625834,-0,-0.3015676537,-0
16-08-01_ParentJ7_Leg,-0,0.0076326159,-0,642.841993694,0.0553174637,0.055317464,2.5884120439,0.9909177875,0.9909177875,81.7022314382,0.1767945716,0.1767945894,-0,0.0751502561,-0
16-08-01_ParentJ8_Leg,-0,0.0026910858,-0,644.870114785,0.0686823856,0.0686823859,0.559020845,0.9919790833,0.9919790833,83.21636013,-0.2272220211,-0.2272220215,-0,0.2589993306,-0
16-08-01_ParentJ9_Leg,-0,0.0012747297,-0,645.417748514,-0.3320847691,-0.33208477,2.6404610555,0.9910103141,0.9910103141,87.0001292284,-0.7926360028,-0.7926360015,-0,-0.1886089979,-0
16-08-01_PubA1_Leg,-0,0.0099578075,-0,632.909709366,-0.033329347,-0.0333293473,33.5561602263,0.9667619836,0.9667619836,72.478382785,0.099402529,0.0994025283,-0,-0.5552776923,-0
16-08-01_PubA10_Leg,-0,0.0239624063,-0,633.342011972,0.2297786683,0.2297786598,33.9652516224,0.990999937,0.990999937,72.8031643139,-0.2489227981,-0.2489227588,-0,-0.05290291,-0
16-08-01_PubA2_Leg,-0,0.016225047,-0,632.852223891,-0.4378407608,-0.4378407704,33.1677859156,0.9991075403,0.9991075403,72.6501735307,0.0518996098,0.0518996056,-0,-0.171339452,-0
16-08-01_PubA3_Leg,-0,0.0137183175,-0,632.856096632,-0.3284321024,-0.32843209,33.1840831841,0.9970857471,0.9970857471,72.6105187635,-0.2261877934,-0.2261877864,-0,-0.0771685646,-0
16-08-01_PubA4_Leg,-0,0.0141325987,-0,632.888158271,-0.2956642015,-0.2956642035,33.3597017943,0.95325859,0.95325859,72.5752067614,-0.4584601782,-0.458460193,-0,0.3946062015,-0
16-08-01_PubA5_Leg,-0,0.0152789438,-0,633.064562156,0.215531293,0.2155312984,33.6886034242,0.9910218803,0.9910218803,72.7531127098,0.285868639,0.2858686656,-0,0.2685543672,-0
16-08-01_PubA6_Leg,-0,0.0155149415,-0,633.068918688,-0.0801827785,-0.0801827764,34.4608349127,0.9783075806,0.9783075806,72.5657272125,0.2233869733,0.2233869609,-0,0.0391208357,-0
16-08-01_PubA7_Leg,-0,0.0165578543,-0,632.814547192,-0.0074837908,-0.0074837913,34.0610102152,0.9230483106,0.9230483106,72.3047381058,-0.1257459846,-0.1257459696,-0,-0.3804977609,-0
16-08-01_PubA8_Leg,-0,0.0141852101,-0,633.085690251,-0.0889619479,-0.0889619458,33.7479745392,0.9530005069,0.9530005069,72.7783132947,0.3742171913,0.374217196,-0,0.7094614444,-0
16-08-01_PubA9_Leg,-0,0.0122771747,-0,633.104530212,0.0737518143,0.0737518148,34.0163739084,0.9538399277,0.9538399277,72.5867514191,0.4504162808,0.4504162719,-0,0.1924080968,-0
16-08-01_PubB1_Leg,-0,0.0182569276,-0,633.030225419,0.2318810931,0.2318810927,37.7322440531,0.0383116896,0.0383116895,72.8027678564,0.3199648166,0.3199648193,-0,-0.1715678086,-0
16-08-01_PubB10_Leg,-0,0.0202054798,-0,633.200077209,-0.1289223013,-0.1289222997,33.4320146866,0.9904623348,0.9904623348,73.0859613523,0.1630200403,0.1630200319,-0,0.0684437694,-0
16-08-01_PubB2_Leg,-0,0.0172241169,-0,633.106984422,0.2319944425,0.2319944419,33.7206190546,0.9535113391,0.9535113391,72.8964004249,0.3956835799,0.3956835782,-0,-0.0680070992,-0
16-08-01_PubB3_Leg,-0,0.0185130986,-0,633.198666118,0.396756616,0.3967566146,33.6618924442,0.9521231987,0.9521231987,72.8511791028,-0.1373218735,-0.1373218729,-0,-0.0457708159,-0
16-08-01_PubB4_Leg,-0,0.0183025317,-0,633.068287924,0.3850161211,0.3850161198,34.1472200411,0.9421312886,0.9421312886,72.7218907868,-0.4500061894,-0.4500061684,-0,0.3272357555,-0
16-08-01_PubB5_Leg,-0,0.0154642012,-0,633.300252308,0.3357172452,0.3357172446,33.8938441545,0.9909072434,0.9909072434,72.9765408191,0.2327810749,0.23278107,-0,-0.1732390217,-0
16-08-01_PubB6_Leg,-0,0.0177992561,-0,633.361970814,0.0063979245,0.006397924,34.1996618788,0.9348354727,0.9348354727,72.9945511402,0.1009111488,0.1009111416,-0,-0.3814265364,-0
16-08-01_PubB7_Leg,-0,0.0247712291,-0,633.078565584,-0.2624268118,-0.2624268114,33.9278466575,0.9907790682,0.9907790682,72.9402446501,-0.2468378182,-0.2468378287,-0,0.5592731703,-0
16-08-01_PubB8_Leg,-0,0.0247953126,-0,633.311552495,0.1157176146,0.1157176148,33.9273301479,0.9526998368,0.9526998368,73.2343891426,-0.3948206645,-0.3948207007,-0,0.0511633337,-0
16-08-01_PubB9_Leg,-0,0.0241435288,-0,633.238381785,-0.224532226,-0.2245322295,33.6956822047,0.9530217288,0.9530217288,73.0435567675,0.092139425,0.0921394135,-0,0.1039140912,-0
16-08-01_PubC1_Leg,-0,0.046252526,-0,633.45052672,-0.3583850456,-0.3583850457,33.6634444796,0.9855853046,0.9855853046,73.2775018848,0.2666368203,0.266636825,-0,-0.2847664929,-0
16-08-01_PubC10_Leg,-0,0.0241221936,-0,633.547090141,0.2627067932,0.2627067897,34.2792129325,0.9912255508,0.9912255508,73.2998978275,0.0835183059,0.0835183023,-0,-0.2845948301,-0
16-08-01_PubC2_Leg,-0,0.2092320011,-0,633.58142411,-0.034310858,-0.0343108601,35.1931331538,0.9602331147,0.9602331147,73.0912291959,0.2380953374,0.2380953408,-0,0.3560601235,-0
16-08-01_PubC3_Leg,-0,0.1968969717,-0,633.480982907,0.1880754718,0.1880754764,33.750648416,0.9873065135,0.9873065135,73.0640253309,-0.1110534343,-0.1110534327,-0,0.1235605657,-0
16-08-01_PubC4_Leg,-0,0.2206433996,-0,633.181600781,0.2856007523,0.2856007494,34.5275093479,0.91941698,0.91941698,73.0950860018,-0.0764870818,-0.0764870778,-0,0.0123457185,-0
16-08-01_PubC5_Leg,-0,0.221235557,-0,633.168638357,-0.2315010164,-0.2315010224,34.1560151245,0.9902796043,0.9902796043,73.2103651071,0.1920925322,0.1920925506,-0,0.3796438785,-0
16-08-01_PubC6_Leg,-0,0.2223195418,-0,633.472665006,-0.1655677458,-0.1655677449,34.0305870519,0.9535848924,0.9535848924,73.0878794183,0.1864634248,0.1864634403,-0,0.381036599,-0
16-08-01_PubC7_Leg,-0,0.0178772477,-0,633.431096676,-0.1087183169,-0.1087183167,34.2671353595,0.9428355508,0.9428355508,73.1459988031,0.2781215153,0.2781215176,-0,-0.4090614537,-0
16-08-01_PubC8_Leg,-0,0.0209481287,-0,633.459015181,-0.1525696031,-0.1525696041,34.0550277424,0.9757166813,0.9757166813,73.2850593504,0.0405850092,0.0405850117,-0,0.5593636319,-0
16-08-01_PubC9_Leg,-0,0.0228477138,-0,633.70365647,-0.3181166367,-0.3181166333,33.9791171398,0.9519764371,0.9519764371,73.0106576863,-0.0775078791,-0.0775078742,-0,0.8288955102,-0
16-08-01_PubD1_Leg,-0,0.0517907416,-0,633.195958878,-0.2875050662,-0.2875050639,33.8811921017,0.9522169115,0.9522169115,73.0890757254,-0.1700663072,-0.1700663016,-0,-0.4023031157,-0
16-08-01_PubD10_Leg,-0,0.0226932404,-0,633.830478915,0.008542131,0.0085421302,34.3429641303,0.9692627091,0.9692627091,73.223845846,-0.1142663222,-0.1142662887,-0,0.897009463,-0
16-08-01_PubD2_Leg,-0,0.024898591,-0,633.524458085,-0.070169864,-0.0701698647,34.0411848772,0.9910601671,0.9910601671,73.1768143289,0.1109369381,0.1109369375,-0,0.3976944614,-0
16-08-01_PubD3_Leg,-0,0.0147021421,-0,633.140075022,-0.0207641063,-0.0207641085,34.1061596998,0.9907604849,0.9907604849,72.8555473252,0.1007544688,0.100754482,-0,0.0903945808,-0
16-08-01_PubD4_Leg,-0,0.0131027792,-0,633.390414948,-0.1397160252,-0.139716023,33.994251312,0.9519007842,0.9519007842,73.0803849351,0.2071003516,0.2071003392,-0,-0.168364126,-0
16-08-01_PubD5_Leg,-0,0.0087498025,-0,633.503628687,-0.1431168701,-0.1431168697,35.1267746364,0.9540972212,0.9540972212,73.1448251126,-0.240587627,-0.2405876277,-0,-0.011266452,-0
16-08-01_PubD6_Leg,-0,0.0113096858,-0,633.286653163,0.1479542033,0.147954205,33.768088206,0.9971290324,0.9971290324,73.1687194101,0.2780730544,0.2780730617,-0,-0.02035599,-0
16-08-01_PubD7_Leg,-0,0.013172821,-0,633.722916518,-0.2832967345,-0.2832967243,34.1464971832,0.9910803737,0.9910803737,73.2288511924,-0.208026895,-0.2080268885,-0,-0.03880938,-0
16-08-01_PubD8_Leg,-0,0.0161286161,-0,633.276646748,0.3187877129,0.318787698,33.933131205,0.9903150223,0.9903150223,73.2586121049,-0.3415703103,-0.3415703008,-0,0.2234633326,-0
16-08-01_PubD9_Leg,-0,0.0207507099,-0,633.777930136,-0.2972437672,-0.2972437656,33.9563519364,0.9905493502,0.9905493502,73.4035695052,-0.6500707236,-0.6500707173,-0,0.1679311125,-0
16-08-01_PubE1_Leg,-0,0.0508669048,-0,633.81577845,-0.1450531042,-0.1450531042,34.2758745607,0.9589041014,0.9589041014,73.4538053737,0.229325081,0.2293250787,-0,-0.2985424736,-0
16-08-01_PubE10_Leg,-0,0.0150181649,-0,633.835797683,0.1843907654,0.1843907685,34.4009616983,0.9911038387,0.9911038387,73.8844837367,-0.0469328735,-0.0469328721,-0,-0.3260989535,-0
16-08-01_PubE2_Leg,-0,0.2068288099,-0,633.706172685,-0.027113822,-0.0271138205,34.2457583806,0.9520913652,0.9520913652,73.6166238767,0.0651696374,0.065169636,-0,0.0212060483,-0
16-08-01_PubE3_Leg,-0,0.0230280288,-0,633.764313676,0.0762984454,0.0762984457,34.82747638,0.9261583045,0.9261583045,73.6495934997,-0.0937776105,-0.0937776413,-0,0.3227579533,-0
16-08-01_PubE4_Leg,-0,0.0226676649,-0,633.921820495,-0.1225087119,-0.1225087135,34.1616060212,0.9533831973,0.9533831973,73.7126574702,0.0569177403,0.0569177335,-0,0.7155952616,-0
16-08-01_PubE5_Leg,-0,0.0169149982,-0,633.630924721,0.1699437095,0.1699437103,34.3316446904,0.9900655975,0.9900655975,73.6364187799,-0.0601200463,-0.0601200361,-0,0.610504603,-0
16-08-01_PubE6_Leg,-0,0.0210156673,-0,633.708283551,0.0559989574,0.0559989581,33.8043946315,0.9956745888,0.9956745888,73.5668362001,0.2863832235,0.2863832239,-0,0.4826501951,-0
16-08-01_PubE7_Leg,-0,0.0225426538,-0,633.797011752,-0.2627194089,-0.2627194088,34.2037423548,0.9905618839,0.9905618839,73.6123044957,-0.260961144,-0.2609611295,-0,0.1489176751,-0
16-08-01_PubE8_Leg,-0,0.0199278826,-0,633.954501202,0.1623352858,0.1623352852,34.2993234295,0.9529185758,0.9529185758,73.5831248243,-0.1587133897,-0.1587133959,-0,0.0950563728,-0
16-08-01_PubE9_Leg,-0,0.0171170556,-0,633.931670727,-0.0221636181,-0.0221636157,34.1894537434,0.9912345746,0.9912345746,73.6886925451,-0.3000791586,-0.3000791556,-0,0.102633748,-0
16-08-01_PubF1_Leg,-0,0.0069970945,-0,652.881869868,-0.2991409153,-0.2991409163,7.2364757963,0.9510341906,0.9510341906,96.563690228,-0.1764050792,-0.1764051016,-0,-0.092226711,-0
16-08-01_PubF10_Leg,-0,0.0037774036,-0,653.108584409,0.0023675306,0.0023675302,7.1906510892,0.9649359892,0.9649359892,96.643439573,-0.2247854453,-0.2247854494,-0,0.5916100697,-0
16-08-01_PubF2_Leg,-0,0.0073400466,-0,652.783991223,-0.5081491464,-0.5081491532,7.5220205364,0.9526092673,0.9526092673,96.4713590018,0.2706380607,0.2706380537,-0,0.7230382871,-0
16-08-01_PubF3_Leg,-0,0.0080699424,-0,652.979696673,-0.0360712403,-0.036071241,7.0030770535,0.9949934276,0.9949934276,96.8671803214,0.5967189045,0.5967189047,-0,0.3827185693,-0
16-08-01_PubF4_Leg,-0,0.0080373475,-0,652.909900032,0.0631603604,0.0631603596,6.9442636351,0.9907971432,0.9907971432,96.6795448105,0.1037390945,0.1037390865,-0,0.0525587669,-0
16-08-01_PubF5_Leg,-0,0.0063398826,-0,652.926161664,-0.1084745787,-0.1084745767,7.4826553685,0.9449159443,0.9449159443,96.5551234648,0.097635046,0.0976350566,-0,0.7225741236,-0
16-08-01_PubF6_Leg,-0,0.0064734737,-0,653.110706651,0.3015535541,0.3015535548,6.6400626817,0.9907666979,0.9907666979,96.7310412033,-0.6074301745,-0.6074301771,-0,0.0953227569,-0
16-08-01_PubF7_Leg,-0,0.0083549547,-0,652.9806307,0.0882183455,0.0882183452,6.9012548628,0.9909653834,0.9909653834,96.4003015491,-0.5069813081,-0.5069812994,-0,0.7704454894,-0
16-08-01_PubF8_Leg,-0,0.0040470364,-0,653.320244853,0.1108955168,0.110895517,7.1580579033,0.9527562321,0.9527562321,96.696060215,-0.2406905743,-0.2406905871,-0,-0.2298690037,-0
16-08-01_PubF9_Leg,-0,0.0037767279,-0,653.408741727,-0.4313400987,-0.43134011,6.7324167687,0.9908579792,0.9908579792,96.8204052833,-0.1226295026,-0.1226294925,-0,-0.1439000714,-0
16-08-01_PubG1_Leg,-0,0.0604617506,-0,653.485272771,0.0099558464,0.0099558475,6.6960872572,0.9988583651,0.9988583651,96.5997585022,-0.1710526072,-0.1710525796,-0,-0.0600852597,-0
16-08-01_PubG10_Leg,-0,0.0044033178,-0,653.849416936,0.4614534402,0.4614534395,7.021881454,0.9906903134,0.9906903134,96.9928786618,0.002002824,0.0020028482,-0,0.9030565256,-0
16-08-01_PubG2_Leg,-0,0.2248029063,-0,653.666785869,-0.1892766043,-0.1892766048,6.8197710531,0.9904554385,0.9904554385,96.6648193866,0.2873354069,0.2873354488,-0,0.6208118569,-0
16-08-01_PubG3_Leg,-0,0.2310340842,-0,653.273198218,-0.4557830082,-0.4557830101,7.8940492184,0.9341973266,0.9341973266,96.6416289331,-0.5386709564,-0.5386709585,-0,0.7778683806,-0
16-08-01_PubG4_Leg,-0,0.0139297959,-0,653.516783762,-0.0048064857,-0.0048064852,7.1975647539,0.9910037908,0.9910037908,96.7922539582,-0.2568036443,-0.2568036414,-0,0.8079370493,-0
16-08-01_PubG5_Leg,-0,0.0153422523,-0,653.468934561,0.3545388501,0.35453885,7.3176621154,0.9910697666,0.9910697666,96.8182397996,0.3808396045,0.3808396034,-0,0.8413303983,-0
16-08-01_PubG6_Leg,-0,0.0131095697,-0,653.426290925,-0.0130112424,-0.013011242,7.0488425277,0.98716293,0.98716293,96.8183064367,0.1333769625,0.1333769532,-0,-0.3967354125,-0
16-08-01_PubG7_Leg,-0,0.0056549602,-0,653.623907744,-0.0905265294,-0.0905265297,7.5954438511,0.9534380682,0.9534380682,96.9228835901,0.1377050898,0.1377050932,-0,0.6418715729,-0
16-08-01_PubG8_Leg,-0,0.0075221899,-0,653.855299667,0.169466616,0.1694666162,6.9742293117,0.9904511706,0.9904511706,97.0293281487,-0.0577334462,-0.0577334563,-0,0.6015643567,-0
16-08-01_PubG9_Leg,-0,0.007279784,-0,653.587519502,-0.2079636157,-0.2079636162,7.3634058496,0.9905849289,0.9905849289,96.92362929,0.2232513274,0.2232513411,-0,0.6284487405,-0
16-08-01_PubH1_Leg,-0,0.0600913408,-0,650.228942857,0.3947622183,0.3947622104,10.5497432506,0.9904711235,0.9904711235,110.494731649,-0.3489017413,-0.3489017204,-0,-0.812966446,-0
16-08-01_PubH10_Leg,-0,0.0029910761,-0,650.51435467,0.1809342549,0.1809342569,10.9361414821,0.9534699803,0.9534699803,110.429223498,0.1431011649,0.1431011535,-0,0.1246269791,-0
16-08-01_PubH2_Leg,-0,0.0181562515,-0,650.091000946,-0.1557441753,-0.1557441798,10.3875525771,0.9995580984,0.9995580984,110.253699947,0.277724841,0.2777248635,-0,-0.0116549282,-0
16-08-01_PubH3_Leg,-0,0.0183433102,-0,650.303225474,-0.0190702676,-0.0190702684,11.1656114296,0.936261455,0.936261455,110.29200514,-0.1989642003,-0.198964181,-0,0.7806928086,-0
16-08-01_PubH4_Leg,-0,0.0130642073,-0,650.233963772,-0.0698319126,-0.0698319116,10.4031220159,0.9997710533,0.9997710533,110.411986681,-0.2011810815,-0.2011810846,-0,0.8681624784,-0
16-08-01_PubH5_Leg,-0,0.0136162513,-0,650.351479302,-0.2810483383,-0.2810483373,10.6887289221,0.9534836974,0.9534836974,110.380119973,-0.1007838285,-0.1007838311,-0,0.1054871244,-0
16-08-01_PubH6_Leg,-0,0.0162259191,-0,650.298541453,-0.0969742151,-0.0969742147,11.1638008431,0.9279721446,0.9279721446,110.399199795,-0.3937915307,-0.3937915397,-0,0.8843742023,-0
16-08-01_PubH7_Leg,-0,0.0120740269,-0,650.519452742,-0.2069947485,-0.2069947546,10.7638765659,0.9529721228,0.9529721228,110.458429631,-0.488628949,-0.4886289617,-0,0.5568946633,-0
16-08-01_PubH8_Leg,-0,0.0030022584,-0,650.398007662,0.2348516551,0.2348516555,10.5722156201,0.9835931484,0.9835931484,110.260522806,0.0798996379,0.0798996421,-0,0.5194981717,-0
16-08-01_PubH9_Leg,-0,0.0028614467,-0,650.492568532,0.0042990705,0.0042990701,10.1753729159,0.9997462728,0.9997462728,110.516474654,0.1973151167,0.1973151184,-0,0.7223081335,-0
16-08-01_PubI1_Leg,-0,0.0031084993,-0,650.316243718,0.4375242048,0.4375242001,11.4381534828,0.9219274589,0.9219274589,110.546370288,-0.0287919272,-0.0287919363,-0,-0.3412979382,-0
16-08-01_PubI10_Leg,-0,0.0027045573,-0,650.388171074,-0.0449086015,-0.0449086021,11.3228207172,0.9369391684,0.9369391684,110.110743525,0.0951271227,0.0951271102,-0,0.5676110221,-0
16-08-01_PubI2_Leg,-0,0.0039379935,-0,650.58342749,-0.2781992939,-0.2781992944,10.3420043709,0.9988057823,0.9988057823,110.243506794,-0.4245017758,-0.4245017718,-0,0.3746822811,-0
16-08-01_PubI3_Leg,-0,0.0062635525,-0,650.41060125,0.5756612195,0.5756612219,10.3724807238,0.9984307755,0.9984307755,110.498521748,0.1523553457,0.1523553529,-0,0.5729615552,-0
16-08-01_PubI4_Leg,-0,0.0064500582,-0,650.463248543,-0.2115712794,-0.2115712776,12.5377786129,0.722608661,0.722608661,110.268860734,0.0023540498,0.0023540603,-0,-0.0794495324,-0
16-08-01_PubI5_Leg,-0,0.0074233547,-0,650.378882946,0.1803446272,0.1803446256,12.538578952,0.7250865566,0.7250865566,110.228870929,-0.6154114696,-0.6154114835,-0,0.7139164783,-0
16-08-01_PubI6_Leg,-0,0.008023136,-0,650.330050681,0.5716231116,0.5716231114,12.3129279612,0.7839673128,0.7839673128,110.17095353,-0.0165715991,-0.0165716034,-0,0.5406338071,-0
16-08-01_PubI7_Leg,-0,0.0080243916,-0,650.397322707,0.2606728591,0.2606728588,10.8941079039,0.9342009466,0.9342009466,110.24590238,0.067429384,0.0674293967,-0,0.5277341611,-0
16-08-01_PubI8_Leg,-0,0.0080811443,-0,650.360569452,0.0114974657,0.0114974653,11.3516278742,0.9447953043,0.9447953043,110.180085325,0.1917884873,0.1917884761,-0,0.5956347988,-0
16-08-01_PubI9_Leg,-0,0.0027796109,-0,650.417704988,-0.108053661,-0.1080536602,11.5370058799,0.914418534,0.914418534,110.195843744,0.0664318542,0.0664318513,-0,0.2172229722,-0
16-08-01_PubJ1_Leg,-0,0.0040060493,-0,650.308410513,0.0477242848,0.0477242844,11.725001286,0.9225632637,0.9225632637,110.30524452,-0.0342315056,-0.0342315134,-0,-0.1539173749,-0
16-08-01_PubJ10_Leg,-0,0.0020548192,-0,650.594691914,0.3216022093,0.321602211,10.4746824389,0.990429769,0.990429769,110.117571016,-0.1626968804,-0.162696882,-0,0.421476203,-0
16-08-01_PubJ2_Leg,-0,0.0096530267,-0,650.378581936,0.0689376674,0.0689376678,10.9370645852,0.9853225407,0.9853225407,110.035213897,0.2359393569,0.2359393472,-0,0.6342556695,-0
16-08-01_PubJ3_Leg,-0,0.0112265789,-0,650.483851412,-0.3936475005,-0.3936475021,10.4786148536,0.9910327925,0.9910327925,110.188792482,-0.1018291613,-0.1018291744,-0,0.286920313,-0
16-08-01_PubJ4_Leg,-0,0.0086424678,-0,650.313787109,0.4350927881,0.4350927884,11.1591316933,0.9524894614,0.9524894614,110.12548016,-0.0987773541,-0.098777361,-0,-0.190021632,-0
16-08-01_PubJ5_Leg,-0,0.0079021423,-0,650.490867548,-0.2491012371,-0.2491012319,10.5762181303,0.9985570285,0.9985570285,110.170959625,-0.3241262694,-0.3241262846,-0,-0.0709960081,-0
16-08-01_PubJ6_Leg,-0,0.0072845262,-0,650.26352335,0.0782343641,0.0782343619,11.3957707118,0.9307369286,0.9307369286,109.910753356,0.1522533789,0.1522533664,-0,-0.0652289651,-0
16-08-01_PubJ7_Leg,-0,0.0043911299,-0,650.388949301,-0.19732677,-0.1973267664,10.5946195492,0.9907201581,0.9907201581,109.969820715,-0.1459380668,-0.1459380617,-0,0.4358476522,-0
16-08-01_PubJ8_Leg,-0,0.0014824194,-0,650.34159252,0.0336352344,0.0336352342,10.6215731832,0.9907953602,0.9907953602,110.08902833,-0.0180683887,-0.0180683906,-0,0.4243019209,-0
16-08-01_PubJ9_Leg,-0,0.0019352623,-0,650.33602304,0.3023001221,0.3023001233,10.9484280759,0.9519016248,0.9519016248,109.814902349,-0.440385662,-0.4403856251,-0,0.0551583954,-0
16-08-08_FoweyA1_Leg,-0,1.2159366691,-0,662.653364816,-0.2450721887,-0.2450721901,0.2185133886,0.9996958002,0.9996958002,24.8648404253,-0.1682601865,-0.1682602036,-0,0.0219287699,-0
16-08-08_FoweyA10_Leg,-0,1.2575035419,-0,662.490560626,-0.1278683743,-0.1278683713,0.8537084183,0.9538675289,0.9538675289,24.7756887494,-0.1354425445,-0.1354425526,-0,-0.0560320486,-0
16-08-08_FoweyA2_Leg,-0,1.255842611,-0,662.703222555,0.2577959317,0.2577959288,1.031551137,0.955386138,0.955386138,24.8061019993,-0.3442104518,-0.344210458,-0,0.0612811998,-0
16-08-08_FoweyA3_Leg,-0,1.2573175737,-0,662.476662438,0.261251576,0.2612515771,0.4759411021,0.9908595484,0.9908595484,24.8041025515,-0.0216312387,-0.0216312446,-0,-0.009265816,-0
16-08-08_FoweyA4_Leg,-0,1.257517018,-0,662.56380839,0.1759278683,0.1759278692,0.5624148571,0.9901659704,0.9901659704,25.0083924464,-0.3779741737,-0.3779741931,-0,-0.1559291052,-0
16-08-08_FoweyA5_Leg,-0,1.2573507119,-0,662.493935399,0.2918705734,0.2918705709,0.5789047265,0.9909543519,0.9909543519,24.7393264995,0.0356977253,0.0356977349,-0,0.0058455669,-0
16-08-08_FoweyA6_Leg,-0,1.2576557946,-0,662.360676163,-0.4782321443,-0.47823213,0.5908878508,0.9892121837,0.9892121837,24.8139869489,-0.4167028068,-0.4167027957,-0,0.1689887243,-0
16-08-08_FoweyA7_Leg,-0,1.2575911843,-0,662.458432248,0.0509537052,0.0509537065,0.9074391234,0.9513379279,0.9513379279,24.7804352757,-0.1205587569,-0.1205587589,-0,-0.0017929372,-0
16-08-08_FoweyA8_Leg,-0,1.2575726421,-0,662.2368166,0.2515940491,0.2515940526,0.4500173906,0.9940572426,0.9940572426,24.755893057,0.3942306224,0.3942306207,-0,-0.0966012858,-0
16-08-08_FoweyA9_Leg,-0,1.2575866924,-0,662.380649227,0.1950108505,0.1950108493,0.7791374328,0.9534716438,0.9534716438,24.9136359893,-0.1072331933,-0.1072331467,-0,0.0526795504,-0
16-08-08_FoweyB1_Leg,-0,1.257600171,-0,662.548305155,-0.2095819456,-0.2095819447,1.2360246256,0.9536924881,0.9536924881,25.6460413382,0.2837678749,0.2837678559,-0,-0.0179744755,-0
16-08-08_FoweyB10_Leg,-0,1.257600171,-0,662.970029537,0.1570143101,0.1570143108,0.8361920305,0.9537512402,0.9537512402,25.9781229857,0.4438106913,0.443810704,-0,-0.0316658814,-0
16-08-08_FoweyB2_Leg,-0,1.2575170175,-0,662.588383742,-0.2713949053,-0.2713949048,1.2201382117,0.9528004982,0.9528004982,25.6081867971,-0.1522736585,-0.1522736525,-0,0.0500733375,-0
16-08-08_FoweyB3_Leg,-0,1.2573922882,-0,662.544676269,-0.0544719719,-0.0544719672,1.7432734202,0.912291153,0.912291153,25.8964373533,0.2419084232,0.2419084394,-0,0.0184075273,-0
16-08-08_FoweyB4_Leg,-0,1.2572816127,-0,662.873234178,-0.2755675182,-0.2755675174,0.6197398217,0.9903985872,0.9903985872,25.8931770245,-0.1239336714,-0.1239336816,-0,0.0356405915,-0
16-08-08_FoweyB5_Leg,-0,1.2575080327,-0,662.936897393,0.2576456551,0.257645655,0.8779416351,0.9527433286,0.9527433286,25.9826806179,0.6272032054,0.6272032057,-0,0.0019624516,-0
16-08-08_FoweyB6_Leg,-0,1.257549608,-0,662.888461212,0.0257472625,0.025747262,0.6490132422,0.9897937451,0.9897937451,25.7746782194,0.2423194716,0.2423194929,-0,0.0434170828,-0
16-08-08_FoweyB7_Leg,-0,1.2574619666,-0,662.903540057,0.0447460187,0.0447460181,0.6058129758,0.9906910248,0.9906910248,25.6534754632,0.4449915143,0.4449915134,-0,0.0084986287,-0
16-08-08_FoweyB8_Leg,-0,1.2573788171,-0,662.942102904,-0.4022425043,-0.4022425077,1.2164312012,0.9387285496,0.9387285496,25.9702727473,0.1202435177,0.1202435122,-0,0.0361963582,-0
16-08-08_FoweyB9_Leg,-0,1.2574754407,-0,662.969892284,0.2680863752,0.2680863736,0.8220723442,0.9556902354,0.9556902354,25.828465712,0.2324781888,0.2324782207,-0,-0.0100760906,-0
16-08-08_FoweyC1_Leg,-0,1.2575170175,-0,662.11606416,0.3281315328,0.328131532,0.9344627326,0.954925108,0.954925108,25.0417791529,-0.2219927587,-0.2219927888,-0,-0.1061564151,-0
16-08-08_FoweyC10_Leg,-0,1.2569630782,-0,662.015960512,-0.2222684956,-0.222268498,0.8492286451,0.9908321926,0.9908321926,24.2283859164,0.0630529259,0.0630528979,-0,-0.0246106396,-0
16-08-08_FoweyC2_Leg,-0,0.7359566015,-0,661.720694702,0.0197663991,0.0197663978,0.8810813132,0.9814371142,0.9814371142,24.9902574834,0.0623369796,0.0623369746,-0,0.0095744929,-0
16-08-08_FoweyC3_Leg,-0,1.2576142183,-0,661.945879307,-0.3363426565,-0.3363426533,1.210126795,0.9525427842,0.9525427842,24.3749739885,-0.3644158119,-0.3644158008,-0,-0.0384965859,-0
16-08-08_FoweyC4_Leg,-0,1.2575771359,-0,662.004113671,-0.061037055,-0.0610370537,1.5679080774,0.938758011,0.938758011,24.2620031672,0.0434581632,0.0434581676,-0,-0.0059501527,-0
16-08-08_FoweyC5_Leg,-0,1.2575170175,-0,661.911088021,-0.2663671245,-0.2663671327,0.8587374752,0.9907961356,0.9907961356,24.3125801677,0.3029507806,0.3029507962,-0,0.0381598396,-0
16-08-08_FoweyC6_Leg,-0,1.2573922882,-0,661.842823809,0.3368185116,0.336818512,0.8305020511,0.9905171195,0.9905171195,24.3285543909,0.2571228602,0.257122857,-0,-0.066110829,-0
16-08-08_FoweyC7_Leg,-0,1.2572675604,-0,661.876481714,0.067468902,0.0674689012,0.7422862699,0.9904671729,0.9904671729,24.1352805743,0.5538022471,0.5538022576,-0,0.0484252329,-0
16-08-08_FoweyC8_Leg,-0,1.2571198019,-0,662.182442768,-0.3602984298,-0.3602984304,0.7730227982,0.9952078206,0.9952078206,24.3535921895,-0.0631533214,-0.0631533123,-0,-0.0400500846,-0
16-08-08_FoweyC9_Leg,-0,1.2570321654,-0,661.98032112,-0.3347418553,-0.334741861,0.7702304763,0.9973101472,0.9973101472,24.2437404988,-0.2494133174,-0.2494133065,-0,-0.0509333577,-0
16-08-08_FoweyD1_Leg,-0,1.2569355693,-0,662.067167318,0.1653035134,0.1653035137,0.9672635276,0.9912223421,0.9912223421,24.4651980262,0.2866229717,0.286622954,-0,-0.1265365532,-0
16-08-08_FoweyD10_Leg,-0,1.257040569,-0,662.246553125,0.1915647833,0.1915647824,1.0350834846,0.990544633,0.990544633,24.4898474664,-0.0677412383,-0.06774124,-0,0.036152453,-0
16-08-08_FoweyD2_Leg,-0,1.257331614,-0,662.093542818,0.2889730591,0.2889730595,0.7074055357,0.9999266527,0.9999266527,24.2610432388,0.3359723766,0.3359723853,-0,0.0057870195,-0
16-08-08_FoweyD3_Leg,-0,1.2571973386,-0,661.906688433,-0.3339703331,-0.3339703326,1.0071625211,0.9887760755,0.9887760755,24.2995544795,-0.2417927554,-0.2417927473,-0,-0.0108317436,-0
16-08-08_FoweyD4_Leg,-0,1.2570585643,-0,661.957560618,-0.1169481249,-0.1169481258,0.8289816056,0.9903875357,0.9903875357,24.316949913,0.2198889186,0.2198889161,-0,-0.0985433708,-0
16-08-08_FoweyD5_Leg,-0,1.2569894457,-0,662.158469034,0.1948462007,0.194846201,1.2403170262,0.9524555925,0.9524555925,24.4030918742,-0.2395040803,-0.2395041104,-0,0.0284940847,-0
16-08-08_FoweyD6_Leg,-0,1.2569203331,-0,662.211685296,0.1975966958,0.1975966957,1.3226194193,0.9531753498,0.9531753498,24.4766811964,0.2276502163,0.2276502247,-0,0.0376828372,-0
16-08-08_FoweyD7_Leg,-0,1.2574108304,-0,662.122820796,0.1764211091,0.1764211095,1.2752394218,0.9533914435,0.9533914435,24.5644044281,-0.2888168669,-0.2888168791,-0,0.1029705714,-0
16-08-08_FoweyD8_Leg,-0,1.2572950869,-0,661.979501908,-0.3358123348,-0.3358123323,0.8404762674,0.9982808627,0.9982808627,24.4711458467,-0.1710229784,-0.1710229826,-0,-0.0417982114,-0
16-08-08_FoweyD9_Leg,-0,1.2571608053,-0,662.216353137,0.1739504045,0.1739504078,1.2874143874,0.9525522315,0.9525522315,24.3680137251,0.2367646444,0.2367646487,-0,-0.0247706776,-0
16-08-08_FoweyE1_Leg,-0,1.2569478674,-0,662.089677161,0.2620806714,0.2620806726,1.1523330823,0.9931993171,0.9931993171,24.6141035145,0.163184312,0.1631843252,-0,-0.0465929269,-0
16-08-08_FoweyE10_Leg,-0,1.2573296411,-0,662.349253668,-0.6818923721,-0.6818923706,1.3147703394,0.9494922322,0.9494922322,24.5902803152,-0.023319211,-0.0233192025,-0,-0.0438946592,-0
16-08-08_FoweyE2_Leg,-0,1.2573827359,-0,662.348450708,-0.5696692362,-0.5696692342,1.3719066976,0.9532023205,0.9532023205,24.7409018191,-0.1669797443,-0.166979732,-0,0.0393647239,-0
16-08-08_FoweyE3_Leg,-0,1.2573366637,-0,662.173998305,0.053068447,0.0530684471,0.6376987814,0.9998656036,0.9998656036,24.6120539706,0.280529582,0.2805296325,-0,0.0188278883,-0
16-08-08_FoweyE4_Leg,-0,1.2571653013,-0,662.142122103,0.1739153871,0.1739153901,0.9255086073,0.9905365997,0.9905365997,24.6054366827,0.2194822166,0.2194822188,-0,-0.0372465745,-0
16-08-08_FoweyE5_Leg,-0,1.2570265259,-0,661.928480628,0.5006793973,0.5006793963,1.9496026471,0.9142237811,0.9142237811,24.4902634128,-0.1050789745,-0.1050789605,-0,-0.0328852822,-0
16-08-08_FoweyE6_Leg,-0,1.2569894457,-0,662.081940559,0.048899882,0.0488998822,0.9684850882,0.9906761416,0.9906761416,24.3232646453,-0.0089617136,-0.0089617125,-0,-0.0819341031,-0
16-08-08_FoweyE7_Leg,-0,1.2568647117,-0,661.803295962,-0.2518974212,-0.2518974184,1.0131573774,0.9904288633,0.9904288633,24.190022448,-0.4731504651,-0.4731504683,-0,-0.0819950992,-0
16-08-08_FoweyE8_Leg,-0,1.2566798614,-0,662.07306163,0.1904788346,0.1904788337,0.9228695923,0.9905229578,0.9905229578,24.3281832365,-0.6661684171,-0.6661683934,-0,0.039063493,-0
16-08-08_FoweyE9_Leg,-0,1.2565871599,-0,662.25237683,0.1060252057,0.1060252064,1.8017683636,0.9239391137,0.9239391137,24.4591474981,0.1575197756,0.1575197837,-0,-0.06883108,-0
16-08-08_FoweyF1_Leg,-0,1.2574754407,-0,662.102250046,0.0969887773,0.0969887768,1.687859038,0.9335174846,0.9335174846,24.3742546326,0.0030261728,0.0030261628,-0,-0.0919468552,-0
16-08-08_FoweyF10_Leg,-0,1.2573366637,-0,662.018105084,-0.0489757438,-0.048975743,1.0921065269,0.9906988817,0.9906988817,24.1636067769,-0.0324315898,-0.0324315757,-0,0.1066391307,-0
16-08-08_FoweyF2_Leg,-0,1.2574063385,-0,662.048974066,-0.0046150368,-0.0046150357,0.8679842922,0.9908398349,0.9908398349,24.3969580144,-0.6237325011,-0.6237325187,-0,0.1941236821,-0
16-08-08_FoweyF3_Leg,-0,1.2575170175,-0,662.216160968,0.218993204,0.2189932023,1.3702983384,0.9521614632,0.9521614632,24.3732916574,0.35520638,0.3552063809,-0,0.0064519697,-0
16-08-08_FoweyF4_Leg,-0,1.2574293726,-0,662.067294462,0.2985800706,0.2985800675,1.4287124238,0.9536957015,0.9536957015,24.4384613261,-0.3169596817,-0.3169597052,-0,0.1050207684,-0
16-08-08_FoweyF5_Leg,-0,1.2572950869,-0,662.075052641,-0.0256007312,-0.0256007306,1.3324203718,0.9530299856,0.9530299856,24.4335504562,-0.4823746495,-0.4823746598,-0,-0.0088857541,-0
16-08-08_FoweyF6_Leg,-0,1.2572119343,-0,662.01824384,-0.1842546493,-0.1842546495,1.0577684902,0.9915437297,0.9915437297,24.5830902393,-0.3839308819,-0.3839308972,-0,0.2926431436,-0
16-08-08_FoweyF7_Leg,-0,1.2570872065,-0,662.010268037,0.327860888,0.3278608877,1.2981372195,0.9534432885,0.9534432885,24.3502796583,0.3503551459,0.350355159,-0,0.1592106488,-0
16-08-08_FoweyF8_Leg,-0,1.2569624801,-0,661.982073128,-0.2095750269,-0.2095750249,1.8138803511,0.911362705,0.911362705,24.4677329683,0.0965582855,0.0965582893,-0,-0.3931897231,-0
16-08-08_FoweyF9_Leg,-0,1.2574012766,-0,662.041764296,0.0041515902,0.00415159,2.3022485241,0.8295916545,0.8295916545,24.5125677722,0.0432190647,0.0432190976,-0,-0.0084960942,-0
16-08-08_FoweyG1_Leg,-0,1.2571377692,-0,662.170866483,0.0792806748,0.0792806745,0.9970062489,0.9969507944,0.9969507944,24.5258082627,-0.1657243662,-0.1657243629,-0,0.0299664193,-0
16-08-08_FoweyG10_Leg,-0,1.2569029607,-0,661.909678732,-0.0358870669,-0.0358870671,1.1203310569,0.9905949605,0.9905949605,24.4051937492,-0.4490284925,-0.4490284626,-0,0.0803316314,-0
16-08-08_FoweyG2_Leg,-0,1.257600171,-0,662.108449267,-0.1195232999,-0.119523299,1.5887854324,0.9556914328,0.9556914328,24.5168487135,-0.2752920705,-0.2752920722,-0,-0.0264856932,-0
16-08-08_FoweyG3_Leg,-0,1.2575630897,-0,662.1996103,0.2032051207,0.2032051241,1.4820913508,0.9685389272,0.9685389272,24.6380335241,0.0295879123,0.0295879262,-0,0.086389763,-0
16-08-08_FoweyG4_Leg,-0,1.257405773,-0,662.133162736,0.2175187992,0.2175187959,1.9175813702,0.8594672817,0.8594672817,24.5030661957,-0.5565103332,-0.5565103299,-0,0.1044076702,-0
16-08-08_FoweyG5_Leg,-0,1.257405773,-0,662.003142958,0.1614266538,0.1614266535,1.5860313755,0.9225723218,0.9225723218,24.4604612601,0.215883702,0.2158837213,-0,-0.0168279648,-0
16-08-08_FoweyG6_Leg,-0,1.2571933932,-0,662.155211491,-0.1075891667,-0.1075891632,1.0811975831,0.9885829341,0.9885829341,24.5304761578,-0.0830265053,-0.0830265089,-0,0.0365512783,-0
16-08-08_FoweyG7_Leg,-0,1.2571242918,-0,662.023544523,0.2823277219,0.2823277231,1.9323600304,0.8917259341,0.8917259341,24.5334397603,-0.0080745876,-0.0080745755,-0,0.0066960907,-0
16-08-08_FoweyG8_Leg,-0,1.2570551965,-0,662.02171791,0.2501539595,0.2501539597,0.9832878031,0.9862261667,0.9862261667,24.4074676644,-0.0397010174,-0.0397010174,-0,0.0122265752,-0
16-08-08_FoweyG9_Leg,-0,1.2569905916,-0,661.927953453,0.1991828566,0.1991828555,0.8248076945,0.9927253343,0.9927253343,24.4937815295,-0.0627754219,-0.0627754239,-0,0.1630224983,-0
16-08-08_FoweyH1_Leg,-0,1.2573922882,-0,661.975198099,-0.2690182006,-0.2690182012,0.9042248143,0.9889969963,0.9889969963,24.2714638205,0.41307155,0.4130715605,-0,0.0155172273,-0
16-08-08_FoweyH10_Leg,-0,1.2568186384,-0,661.783059167,-0.0477201792,-0.047720179,1.176388541,0.9681674014,0.9681674014,24.1863071438,-0.0109249445,-0.0109249316,-0,0.0124556379,-0
16-08-08_FoweyH2_Leg,-0,1.2572816127,-0,661.958312868,0.3249772071,0.32497721,0.6432352582,0.9978074976,0.9978074976,24.4272591937,0.0259835451,0.025983542,-0,0.0473181523,-0
16-08-08_FoweyH3_Leg,-0,1.2575125241,-0,662.009149182,0.270136391,0.2701363914,1.2144635842,0.9012537476,0.9012537476,24.5714562478,-0.0786521602,-0.0786521691,-0,-0.0149002741,-0
16-08-08_FoweyH4_Leg,-0,1.257549608,-0,661.950652532,0.153448445,0.1534484472,0.9288706447,0.9900296356,0.9900296356,24.369574703,-0.1994393879,-0.1994394134,-0,-0.0482585075,-0
16-08-08_FoweyH5_Leg,-0,1.257447629,-0,661.963701207,0.3494662658,0.3494662665,1.0146208314,0.9902131549,0.9902131549,24.4070367825,0.3902673949,0.3902673887,-0,-0.0125187912,-0
16-08-08_FoweyH6_Leg,-0,1.2572950869,-0,661.971711391,0.3034162777,0.3034162767,0.8669755146,0.9906436434,0.9906436434,24.3095432078,-0.1388044797,-0.1388044804,-0,-0.0259854735,-0
16-08-08_FoweyH7_Leg,-0,1.2571838415,-0,661.919400045,-0.5049329008,-0.504932897,0.6711381696,0.9972506197,0.9972506197,24.3669204519,-0.213587424,-0.2135874144,-0,0.0484821934,-0
16-08-08_FoweyH8_Leg,-0,1.2571006869,-0,661.841672879,-0.1801628377,-0.1801628385,1.596866178,0.8475258337,0.8475258337,24.3258823559,0.0955248698,0.0955248587,-0,-0.0087163706,-0
16-08-08_FoweyH9_Leg,-0,1.256975956,-0,661.800384666,-0.1768539359,-0.1768539359,1.2375292031,0.9657240022,0.9657240022,24.3154774361,0.1118086693,0.1118086921,-0,-0.0089190889,-0
16-08-08_FoweyI1_Leg,-0,1.2573818941,-0,662.286834036,0.2901389799,0.2901389833,1.9564887098,0.9059243057,0.9059243057,24.7133918049,0.1032001589,0.1032001512,-0,-0.0983237536,-0
16-08-08_FoweyI10_Leg,-0,1.2569816234,-0,662.274578758,0.1454352639,0.1454352622,1.7424547114,0.9391780855,0.9391780855,24.5554963926,0.30447431,0.304474317,-0,0.0070330048,-0
16-08-08_FoweyI2_Leg,-0,1.2572765457,-0,662.270971191,0.0526569911,0.0526569903,2.0209665352,0.9256082636,0.9256082636,24.6754158278,-0.745687962,-0.7456879165,-0,0.0965762795,-0
16-08-08_FoweyI3_Leg,-0,1.257174851,-0,662.395125423,-0.146768925,-0.1467689232,1.0773141787,0.9889653094,0.9889653094,24.6438057097,-0.4301222103,-0.4301222071,-0,-0.0666246831,-0
16-08-08_FoweyI4_Leg,-0,1.2570040554,-0,662.530014167,0.2297346414,0.2297346405,1.1900745409,0.9897218039,0.9897218039,24.7293538912,0.2962815574,0.2962815622,-0,-0.0353105922,-0
16-08-08_FoweyI5_Leg,-0,1.2574293726,-0,662.324555573,0.0886492363,0.0886492382,0.891130986,0.9909162883,0.9909162883,24.606500839,0.3223142589,0.3223142578,-0,-0.0431874794,-0
16-08-08_FoweyI6_Leg,-0,1.2573922882,-0,662.353872225,-0.300966525,-0.3009665269,1.3897195187,0.9533490133,0.9533490133,24.60100534,0.1449934234,0.1449934108,-0,-0.0132629984,-0
16-08-08_FoweyI7_Leg,-0,1.2572675604,-0,662.434878618,0.3872776561,0.3872776614,1.151185028,0.9899918487,0.9899918487,24.7000823519,-0.4202793543,-0.4202793654,-0,-0.2053792911,-0
16-08-08_FoweyI8_Leg,-0,1.2571338582,-0,662.261158797,-0.1877956168,-0.187795625,1.7097283324,0.9426551953,0.9426551953,24.6152927967,-0.080746243,-0.0807462744,-0,-0.2047664684,-0
16-08-08_FoweyI9_Leg,-0,1.2570462248,-0,662.24240134,0.0641461652,0.0641461647,1.7445552016,0.9340095209,0.9340095209,24.6826751042,-0.226393621,-0.2263936069,-0,-0.1681692921,-0
